River,Material,SiO2,Al2O3,Fe2O3(T),MgO,Na2O,CaO,K2O,TiO2,MnO,Reference,Sampling Location,Notes,Sampled at,Comment
Kalix river at Kamlunge,Suspended matter,47.70416,12.0928,22.0178344459012,2.48741368674507,2.56114048933959,3.77780358499568,1.68644830373416,0,0.965325,Anderson et al 1998 in Viers 2009,Kamlunge,,Mouth,
Rautas,Suspended,59.04192,13.6044,8.00648525305497,2.65324126586141,2.42634362147961,3.078210328515,2.89105423497284,0,0.34815,Andersson et al 1998 in Viers 2009,Rautas,">0,45 um",Tributary,
Beni,Bank,83.72294,7.17839945,3.56681556,0.60292152,0.405074,0.24388056,1.42841468,,,Bouchez et al 2012,Rurrenabaque,328um D90,,
Beni at Riberalta,Bank,84.29581776,6.6601096,2.9923621,0.49646508,0.4209804,0.14397768,1.4503384,,,Bouchez et al 2012,Riberalta,,,
Madre de Dios,Bank,82.8234064,7.29630425,2.67811404,0.53825172,0.7671468,0.398772,1.68427172,,,Bouchez et al 2012,Riberalta,,,
Brazos,Suspended matter,49.84336,15.8718,5.161217,1.90693,0.35048,8.059392,1.517796,,0.09495,Canfield 1997 in Viers et al 2009,See Canfield 1997,">0,4 �m",Mouth,
"Colorado (Upper, CO)",Suspended matter,60.11152,14.3602,5.232702,1.757692,1.03796,3.036264,2.083958,,0.1266,Canfield 1997 in Viers et al 2009,See Canfield 1997,">0,4 �m",Midstream,
"Colorado, TX",Suspended matter,49.2016,13.41545,5.347078,1.956676,0.24264,10.200168,1.300968,,0.079125,Canfield 1997 in Viers et al 2009,See Canfield 1997,">0,4 �m",Midstream,
Connecticut,Suspended matter,50.05728,21.5403,7.391549,1.426052,1.80632,0.615648,3.782444,0,0.427275,Canfield 1997 in Viers et al 2009,See Canfield 1997,">0,4 �m",Mouth,"All of Canfield 1997's samples come with lots of environmental variables AND grainsize data, BUT no sampling location"
Cumberland,Suspended matter,55.19136,22.2961,9.092892,1.276814,0.4718,1.245288,3.144006,0,0.300675,Canfield 1997 in Viers et al 2009,See Canfield 1997,">0,4 �m",Midstream,
Illinois,Suspended matter,58.828,17.3834,6.176304,1.376306,0.63356,1.035408,1.999636,0,0.142425,Canfield 1997 in Viers et al 2009,See Canfield 1997,">0,4 �m",Tributary,
"Miss, Venice",Suspended matter,54.97744,15.4939,5.990443,1.40947,0.75488,1.46916,1.915314,0,0.174075,Canfield 1997 in Viers et al 2009,See Canfield 1997,">0,4 �m",Mouth,
"Miss, Winfield",Suspended matter,56.6888,17.3834,7.091312,1.508962,0.52572,2.112792,2.04782,0,0.174075,Canfield 1997 in Viers et al 2009,See Canfield 1997,">0,4 �m",Midstream,
Missouri,Suspended matter,63.74816,12.4707,4.946762,1.542126,1.05144,2.294688,1.782808,,0.205725,Canfield 1997 in Viers et al 2009,See Canfield 1997,">0,4 �m",Tributary,
Neuse,Suspended matter,55.40528,21.72925,10.422513,0.8291,0.43136,1.18932,1.481658,0,0.363975,Canfield 1997 in Viers et al 2009,See Canfield 1997,">0,4 �m",Mouth,
Ohio,Suspended,57.11664,18.1392,7.091312,1.426052,0.48528,1.343232,2.65012,0,0.3165,Canfield 1997 in Viers et al 2009,See Canfield 1997,">0,4 �m",Midstream,
Pecos,Suspended matter,57.54448,10.39225,4.403476,3.084252,0.63356,7.541688,2.16828,,0.110775,Canfield 1997 in Viers et al 2009,See Canfield 1997,">0,4 �m",Tributary,
Platte,Suspended matter,61.18112,10.77015,4.946762,1.790856,0.84924,3.819816,2.132142,,0.1899,Canfield 1997 in Viers et al 2009,See Canfield 1997,">0,4 �m",Tributary,
Red River,Suspended matter,68.02656,10.77015,4.160427,2.07275,0.56616,2.154768,2.180326,,0.09495,Canfield 1997 in Viers et al 2009,See Canfield 1997,">0,4 �m",Tributary,
"Rio Grande, NM",Suspended matter,39.36128,14.17125,6.791075,2.188824,1.67152,2.93832,2.276694,,0.34815,Canfield 1997 in Viers et al 2009,See Canfield 1997,">0,4 �m",Midstream,
"Rio Grande, TX",Suspended matter,40.43088,7.9359,3.845893,1.57529,0.45832,17.35008,1.517796,,0.079125,Canfield 1997 in Viers et al 2009,See Canfield 1997,">0,4 �m",Midstream,
Sabine,Suspended matter,62.0368,18.1392,5.547236,0.945174,0.32352,0.83952,1.337106,0,0.237375,Canfield 1997 in Viers et al 2009,See Canfield 1997,">0,4 �m",Mouth,
Sciota,Suspended matter,63.32032,13.41545,6.262086,1.774274,0.55268,2.252712,2.373062,0,0.300675,Canfield 1997 in Viers et al 2009,See Canfield 1997,">0,4 �m",Tributary,
Tombigbee,Suspended matter,54.5496,21.1624,7.277173,1.144158,0.28308,1.175328,1.517796,0,0.28485,Canfield 1997 in Viers et al 2009,See Canfield 1997,">0,4 �m",Midstream,
Wabash,Suspended matter,61.60896,15.116,5.790285,1.707946,0.62008,2.406624,2.264648,0,0.15825,Canfield 1997 in Viers et al 2009,See Canfield 1997,">0,4 �m",Tributary,
Nile,,52.19648,18.5171,15.44076,3.06767,0.98404,5.5968,2.28874,0,0,Clarke 1924 in Martin & Maybeck 1979,,,,
St Lawrence,,54.12176,14.7381,6.934045,4.06259,3.37,3.21816,3.07173,1.301118,0.110775,d'Angelejan (1973) in Martin & Maybeck 1979,Estuary,,Mouth,
Po ,,46.078368,15.663955,6.31940443187553,4.14568947790845,0.741382773229881,12.2708657186712,2.65013304872511,0,0.1635039,Davide et al 2003 in Viers 2009,,Along length of Po,Midstream,Average of 10 samples along entire length
Parana (at Parana),Suspended matter,63.170576,14.51136,6.548026,1.16074,0.90316,0.727584,2.180326,0.867412,0,Depetris et al. 2003 in Viers 2009,Parana,">0,4 �m",Mouth,
Parana (at Rosario),Suspended,59.0665306061326,16.2115895860376,7.36310697379163,1.40953442248887,0.87617964108986,0.797536312387978,2.44535004041453,0.884058261107442,,Depetris et al. 2003 in Viers 2009,Rosario,,Mouth,
Uruguay (at Gualeguaychu Nov 97),Suspended matter,55.897296,14.20904,11.022987,0.878846,0.97056,1.315248,1.108232,1.6681,0,Depetris et al. 2003 in Viers 2009,Gualeguaychu,">0,4 �m",Mouth,
Uruguay (at Gualeguaychu Nov 98),Suspended,49.2042812003277,16.4194304781663,11.7094846825929,1.31003787501907,0.404390603579935,1.37120278270214,1.18051381261391,1.41782928668175,,Depetris et al. 2003 in Viers 2009,Gualeguaychu,,Mouth,
Balombo,Deposited Mud ,51.4,19.7,7.6,0.8,0.5,1.4,3.4,1.4,0.19,Dinis et al 2017,Canjala,<32um,Mouth,
Bentiaba,Deposited Mud ,51.1,19.3,6.3,1.6,1.8,2.7,2.9,1,0.11,Dinis et al 2017,Bentiaba,<32um,Mouth,
Bero,Deposited Mud ,43.5,18.2,9.8,2.7,0.8,2.9,2.3,0.9,0.16,Dinis et al 2017,Namibe,<32um,Mouth,
Boro,Deposited Mud ,55.4,10.7,2.7,1,0.1,1.8,1,0.5,0.04,Dinis et al 2017,Xaraxau,<32um,Internal Drainage,
Boteti,Deposited Mud ,65.1,9.9,2.9,1.1,0.2,1.5,1.3,0.5,0.04,Dinis et al 2017,Xwee,<32um,Internal Drainage,
Catumbela,Deposited Mud ,46.3,21.5,7.6,1.2,0.6,1.6,2.3,1.1,0.18,Dinis et al 2017,Catumbela,<32um,Mouth,
Congo (estuary),Deposited Mud ,45.9,16.2,6.2,0.7,0.3,1.4,1,1.1,0.01,Dinis et al 2017,Soyo,<32um,Mouth,
Coporolo,Deposited Mud ,49.3,20.9,6.9,1.5,1.5,2.5,3,1,0.12,Dinis et al 2017,Dombe Grande,<32um,Mouth,
Cuando,Deposited Mud ,43.3,5.9,3.1,3.3,0.1,10.6,0.5,0.4,0.21,Dinis et al 2017,Kongola,<32um,Internal Drainage,
Cuanza,Deposited Mud ,49.8,17.9,7.8,1.1,0.7,1.3,1.8,1.1,0.08,Dinis et al 2017,Barra do Cuanza,<32um,Mouth,
Cunene,Deposited Mud ,49.9,16.4,6.6,2.9,0.7,5.4,4,0.9,0.16,Dinis et al 2017,Ruacana,<32um,Midstream,
Curoca,Deposited Mud ,45.1,21.8,8.4,2.2,0.4,2.5,1.1,0.7,0.12,Dinis et al 2017,Curoca mouth,<32um,Mouth,
Dande,Deposited Mud ,48.1,20.6,9.7,1.5,0.3,1,2.6,1.2,0.14,Dinis et al 2017,Caxito,<32um,Mouth,
Giraul,Deposited Mud ,47.5,21.2,6.8,1.7,1,1.9,3,0.9,0.17,Dinis et al 2017,Giraul,<32um,Mouth,
Keve,Deposited Mud ,50.6,20.7,8.1,0.7,0.3,1,2.4,1,0.17,Dinis et al 2017,Cachoeira,<32um,Mouth,
Loge,Deposited Mud ,52.2,17.4,7.6,1.3,0.5,1.1,2.5,1,0.08,Dinis et al 2017,Porta Freitas Morna,<32um,Mouth,
Longa,Deposited Mud ,48.7,16.7,5.3,1,0.6,3.1,2.2,0.8,0.05,Dinis et al 2017,Calamba,<32um,Mouth,
Luculu,Deposited Mud ,37.4,14.3,15.5,0.6,0.1,1.8,0.7,0.8,0.02,Dinis et al 2017,Quivanda,<32um,Mouth,
Mebridege,Deposited Mud ,55.8,17.4,7.6,1.6,0.1,0.7,2.2,1,0.08,Dinis et al 2017,N'Zeto,<32um,Mouth,
Okavango,Deposited Mud ,56,6.2,2.4,1.3,0.1,2.1,1,0.5,0.06,Dinis et al 2017,Sepupa,<32um,Internal Drainage,
Okavango (Popa Falls),Deposited Mud ,54.6,13.9,4.1,0.7,0.2,1.3,1.2,0.7,0.04,Dinis et al 2017,Popa Falls,<32um,Internal Drainage,
Quicombo,Deposited Mud ,47.1,20,8.1,1.2,0.7,2,2.9,1.1,0.2,Dinis et al 2017,Quicombo,<32um,Mouth,
Thaoge,Deposited Mud ,60.1,14,3.2,0.7,0.1,1.3,0.9,0.7,0.03,Dinis et al 2017,Tsau,<32um,Internal Drainage,
Thaoge (Gumare),Deposited Mud ,49.5,7.9,4.9,2.3,0.1,7.1,0.8,0.4,0.11,Dinis et al 2017,Gumare,<32um,Internal Drainage,
Zambezi,Deposited Mud ,55.4,15,7,0.7,0.2,1.1,1,0.9,0.08,Dinis et al 2017,Sesheke,<32um,Midstream,
Darling River,Suspended matter,48.5619792,17.817985,8.52118787646565,1.90701715983789,0.404390603579935,1.17531667088755,1.63826406648461,0.867412,0.097482,Douglas et al 1999 in Viers 2009,Confluence of Murray and Darling,>1um,Tributary,
Murray River,Suspended matter,50.89413504,16.230805,6.96278271113888,1.72460682280992,1.32100930502779,0.755560716999137,2.07192220173054,0.617197,0.097482,Douglas et al 1999 in Viers 2009,Confluence of Murray and Darling,>1um,Tributary,
Seine River,Suspended,41.671616,11.582635,4.84678303711721,1.0281309905213,0.256114048933959,13.1663450869664,1.46961923611119,0.633878,0.11030025,Gaillardet et al 1999 in Viers 2009 ,Paris,">0,2um",Midstream,
Changjiang (Yangtze) at Nanjing,Suspended matter,52.367616,15.966275,7.4917826296443,2.86881711871265,0.930098388233851,3.77780358499568,2.73445546391181,1.134308,0.1838865,Gaillardet et al. 1999 in Viers 2009,Nanjing,">0,2um",Mouth,
Da River (tributary of Hongha) at Hoa Binh,Suspended matter,48.752368,23.08969,8.97870131949736,2.07284473895422,0.350471856435944,0.517699009795705,3.8426929206514,0.750645,0.134829,Gaillardet et al. 1999 in Viers 2009,Hoa Binh,">0,2um",Tributary,
Hong Ha (Red River) at Hanoi,Suspended matter,55.255536,18.611575,7.8063231217286,2.02309646521932,0.512228097867918,1.41317837809098,3.04765300603387,0.900774,0.18372825,Gaillardet et al. 1999 in Viers 2009,Hanoi,">0,2um",Mouth,
Huanghe at Jinan,Suspended matter,49.394128,13.33987,5.21851270958048,2.75273781333121,1.32100930502779,9.30459031119307,2.37307368454021,0.583835,0.1224855,Gaillardet et al. 1999 in Viers 2009,Jinan,">0,2um",Mouth,
MacKenzie at Tsiigehtchic,Suspended matter,51.76864,13.26429,5.2614045948647,3.44921364561983,0.49874841108192,7.90540379823171,2.25261309141634,0.633878,0.06124275,Gaillardet et al. 1999 in Viers 2009,Tsiigehtchic,">0,2um",Mouth,
Mekong at Viangchan,Suspended matter,57.480304,15.928485,6.47667467791769,1.87385164401462,0.768342146801877,3.05022659825577,2.66217910803749,0,0.14701425,Gaillardet et al. 1999 in Viers 2009,Viangchan,">0,2um",Midstream,
Niger (Gaillardet),Suspended matter,49.41552,21.31356,8.50689058137091,1.06129650634456,0.458309350723927,0.713585121610296,1.95146160860667,1.134308,0.20841525,Gaillardet et al. 1999 in Viers 2009,Agenobode,">0,2um",Mouth,
Peel River,Suspended matter,62.935264,12.50849,5.28999918505418,2.32158610762873,0.552667158225912,2.65845437462659,2.26465915072873,0.750645,0.06124275,Gaillardet et al. 1999 in Viers 2009,Ft McPherson,">0,2um",Mouth,
Red Arctic at Tsiigehtchic,Suspended matter,53.094944,13.887825,5.91908016922278,2.81906884497775,0.37743123000794,5.83460775904889,2.61399487078794,0.683921,0.04889925,Gaillardet et al. 1999 in Viers 2009,Tsiigehtchic,">0,2um",Mouth,
St Lawrence at Contrecoeur,Suspended matter,47.661376,12.65965,10.1224849270766,2.81906884497775,1.92759521039769,4.49138870660598,2.33693550660305,1.201032,0.15935775,Gaillardet et al. 1999 in Viers 2009,Contrecoeur,">0,2um",Mouth,
Xijiang (Pearl River) at Zhaojing,Suspended matter,55.768944,18.044725,7.60616099040223,1.14421029590273,0.296553109291952,1.00741428933218,2.34898156591543,0.967498,0.171543,Gaillardet et al. 1999 in Viers 2009,Zhaojing,">0,2um",Mouth,
Agatobwe,,66.2,13.6,7,0.4,0.2,0.3,1.7,2.6,0.11,Garzanti et al 2013,Fugi,<63um,,
Akanyaru (at Gorwe),,55.6,19.9,6.8,0.5,0.2,0.2,1.8,1.6,0.05,Garzanti et al 2013,Gorwe,Bulk,,
Akanyaru (at Kanyaru Hut),,47.9,22.9,9.3,0.6,0.3,0.3,2,2.1,0.1,Garzanti et al 2013,Kanyaru Haut,<63um,,
Akanyaru (at Rutabo),,45.1,23.7,9.4,0.5,0.2,0.4,1.8,1.3,0.12,Garzanti et al 2013,Rutabo,<63um,,
Akanyaru (Busoro),,71.8,13.7,4.5,0.2,0.1,0.2,0.9,0.6,0.03,Garzanti et al 2013,Busoro,Bulk,,
Albert Nile,,83.8,3.3,1.5,0.2,0.3,0.4,0.4,0.7,0.03,Garzanti et al 2013,Delta Point,Bulk,,
Albert Nile (at Pakwach),,75.3,7.2,3.7,0.4,0.4,1.9,0.8,0.9,0.09,Garzanti et al 2013,Pakwach,Bulk,,
Albert Nile (at Wadelai),,49.5,16.8,7.6,1.4,1,1.3,1.6,1,0.09,Garzanti et al 2013,Wadelai,Bulk,,
Base,,66.3,13.3,6.1,0.4,0.1,0.2,2.1,1.5,0.08,Garzanti et al 2013,Base,Bulk,,
Base (upstream),,61.5,14,7.5,0.4,0.1,0.3,2.3,1.3,0.12,Garzanti et al 2013,Upstream Base,Bulk,,
Cizanye,,60.9,14.4,6.9,0.3,0.2,0.3,1.3,1.3,0.18,Garzanti et al 2013,Kobero,Bulk,,
Cyuve Est,,35.3,15.2,8.8,1.5,1,5.7,1.7,2.3,0.17,Garzanti et al 2013,Kigombe,Bulk,,
Gacucu,,56.9,13.9,6.1,0.2,0.2,0.2,1.4,1.1,0.07,Garzanti et al 2013,Kabuyenge,Bulk,,
Gataraga,,55.1,15.7,5.8,1.1,3.5,2.9,5.1,1.1,0.13,Garzanti et al 2013,Gataraga,Bulk,,
Giciye,,49.1,26.1,4.6,0.5,0.3,0.3,4.5,1,0.04,Garzanti et al 2013,Giciye,Bulk,,
Giswi,,58.9,19.3,6.1,0.5,0.2,0.1,2.2,1,0.05,Garzanti et al 2013,Nshili,Bulk,,
Kabilizi,,50.1,11.9,12.6,0.2,0.2,0.7,0.7,1.2,0.23,Garzanti et al 2013,Gatore,Bulk,,
Kaburantwa,Deposited Mud ,58.5,18.5,6.3,1.1,0.7,0.3,2.7,0.9,0.07,Garzanti et al 2013,Kaburantwa,Bulk,,
Kagera,,60.5,15.7,10.6,0.5,0.2,0.4,1.9,1.2,0.13,Garzanti et al 2013,Rusumu,Bulk,,
Kagera (at Kagitumba 1),,51.1,16.7,4.8,0.4,0.3,0.4,1.6,1,0.03,Garzanti et al 2013,Kagitumba,<63um,,
Kagera (at Kasesero),,73.6,9.5,5,0.2,0.2,0.2,1.1,0.8,0.05,Garzanti et al 2013,Kasesero,Bulk,,
Kagera (at Kikagati),,51,16.9,7.6,0.4,0.2,0.3,1.8,1,0.14,Garzanti et al 2013,Kikagati,Bulk,,
Kagera (at Kyaka),,77.4,6.6,4.6,0.3,0.2,0.6,0.8,0.7,0.17,Garzanti et al 2013,Kyaka,Bulk,,
Karangaza,,56.8,14.4,5.5,0.3,0.2,0.5,2.4,0.9,0.04,Garzanti et al 2013,Karangazi,Bulk,,
Karundura,Deposited Mud ,56.9,19.4,6.8,0.7,0.4,0.2,2.5,1.2,0.08,Garzanti et al 2013,Kirambe,<63um,,
Katonga,,45.7,23.6,9.8,0.2,0.1,0.2,0.7,1.1,0.03,Garzanti et al 2013,Kankobe,<63um,,
Kayave,,52.3,18.2,12.1,1,0.1,0.3,1.1,1.8,0.13,Garzanti et al 2013,Butegana,<63um,,
Kinyakuru,,41.1,16.3,9.8,0.3,0.1,0.5,0.8,1.3,0.17,Garzanti et al 2013,Ruyange,Bulk,,
Koko,Deposited Mud ,46.7,23.1,6.6,0.8,0.9,0.4,2.7,1.4,0.08,Garzanti et al 2013,Murunda,<63um,,
Kora,,60.4,20.2,4.6,0.3,0.4,0.1,3.5,1.7,0.05,Garzanti et al 2013,Cyeru,<63um,,
Lugufu,Deposited Mud ,66.1,12.5,9.1,0.8,0.1,0.3,1.2,1.5,0.1,Garzanti et al 2013,Lugufu,Bulk,,
Luiche,Deposited Mud ,62.7,12.5,9.5,1.1,0.7,0.6,1.5,1.4,0.18,Garzanti et al 2013,Simbo,<63um,,
Malagarasi,Deposited Mud ,66.3,11.5,5.9,0.7,0.1,0.3,1.8,1.1,0.16,Garzanti et al 2013,Uvinza,<63um,,
Malagarasi (at Ilagal),Deposited Mud ,60.4,11.8,6.7,1.3,0.6,0.7,1.6,0.9,0.11,Garzanti et al 2013,Ilagal,<63um,,
Mbirurume,,54.5,17.8,6.5,0.4,0.2,0.3,1.6,1.2,0.07,Garzanti et al 2013,Gisovu,Bulk,,
Mpanda,Deposited Mud ,58.8,20.3,6,1.4,1.4,0.7,3.1,1.3,0.09,Garzanti et al 2013,Buringa,<63um,,
Mubarzi,,40.6,17.3,14.4,0.4,0.1,0.4,0.6,1.3,0.22,Garzanti et al 2013,Nyakararo,<63um,,
Mubarzi (at Bugarama),,55.1,14.7,11.8,0.8,0.1,0.6,0.7,1.5,0.17,Garzanti et al 2013,Bugarama,Bulk,,
Mubarzi (at Murongwe),,57.7,15.7,10.2,0.5,0.2,0.6,1,2.1,0.15,Garzanti et al 2013,Murongwe,<63um,,
Mugere,Deposited Mud ,53.8,19.9,8.2,1.4,0.5,0.9,2.8,1.5,0.08,Garzanti et al 2013,Mubone,<63um,,
Muhe,,44.7,14.9,6.4,1.3,1.6,3.1,2.9,1.6,0.11,Garzanti et al 2013,Ruhengeri,Bulk,,
Mukunguri,,68.1,13.6,2.8,0.2,0.7,0.4,4.6,0.5,0.21,Garzanti et al 2013,Gisali,Bulk,,
Mukungwa,,50.4,17.1,8.2,1.5,1.1,1.2,2.8,2,0.11,Garzanti et al 2013,Nyamutera,<63um,,
Mukungwa (at Ndusu),,49,22.6,7.4,0.8,0.5,0.6,3.4,1.9,0.12,Garzanti et al 2013,Ndusu,Bulk,,
Murembwe,Deposited Mud ,52.9,19.6,8.2,0.8,0.8,0.5,2.3,1.3,0.09,Garzanti et al 2013,Rumonge,<63um,,
Muvumba,,69.9,11.2,5.3,0.3,0.2,0.3,1.5,1.4,0.13,Garzanti et al 2013,Nyagatare,<63um,,
Muvumba (at Kagitumba),,78.7,7.2,3.8,0.2,0.2,0.2,1.2,1.2,0.11,Garzanti et al 2013,Kagitumba,Bulk,,
Muyanza,,75.8,9.7,5,0.2,0.1,0.1,1.4,1.6,0.06,Garzanti et al 2013,Gaseke,Bulk,,
Mwange,,66.4,11.8,6.8,0.4,0.1,0.2,1.4,1.8,0.22,Garzanti et al 2013,Kinyami,<63um,,
Mwongo,,45.7,24.1,9.4,0.5,0.2,0.2,1.9,1.2,0.1,Garzanti et al 2013,Maraba,Bulk,,
Ndurumu,,61,8.7,7.4,0.1,0.1,0.2,0.5,0.8,0.08,Garzanti et al 2013,Karuzi,Bulk,,
Nkokoma,,56.5,16.1,11.1,0.5,0.1,0.3,0.8,1.6,0.14,Garzanti et al 2013,Mparo,<63um,,
Nyabarongo,,56.4,20.2,8.1,0.6,0.5,0.3,2.9,1.3,0.08,Garzanti et al 2013,Gahanga,Bulk,,
Nyabarongo (at Gatumba),,56.6,20.4,6.6,0.8,0.4,3.9,2.7,1,0.08,Garzanti et al 2013,Gatumba,Bulk,,
Nyabarongo (at Kaduha),,60.1,17.2,6.2,0.8,0.4,0.2,2.4,0.8,0.11,Garzanti et al 2013,Kaduha,Bulk,,
Nyabarongo (at Kigali 2),,59.9,19.9,6.6,0.6,0.5,0.3,3.1,1.2,0.08,Garzanti et al 2013,Kigali,Bulk,,
Nyabarongo (at Kigali),,62.7,17.5,5.9,0.7,0.5,0.3,2.8,1.2,0.07,Garzanti et al 2013,Kigali,Bulk,,
Ruchugi,Deposited Mud ,71.7,11.6,4.9,0.6,0.1,0.3,2,1,0.08,Garzanti et al 2013,Uvinza,<63um,,
Rugezi,,54.2,11.1,7.1,0.4,0.1,0.7,1.1,1.6,0.05,Garzanti et al 2013,Butaro,Bulk,,
Ruhengeri,,48.2,16.9,7.1,1.3,2.1,2.2,3.9,1.5,0.12,Garzanti et al 2013,Ruhengeri,Bulk,,
Ruhwa,Deposited Mud ,71.8,12.1,5.7,1.1,0.6,0.5,2.2,1.2,0.08,Garzanti et al 2013,Rukana,<63um,,
Ruizi,,80.8,7.4,3.2,0.2,0.1,0.1,0.7,1.4,0.08,Garzanti et al 2013,Mbarara,<63um,,
Rukarara,,55.3,19.2,6.7,0.7,0.2,0.2,1.8,1,0.05,Garzanti et al 2013,Gakangara,Bulk,,
Rumpungwe,Deposited Mud ,50.5,13.8,13.6,0.3,0.2,0.3,1.3,0.9,0.37,Garzanti et al 2013,Gisuru,<63um,,
Rusizi,Deposited Mud ,62.9,12.8,8.2,1.7,0.6,0.8,1.9,2,0.15,Garzanti et al 2013,Kamanyola,<63um,,
Rusizi (at Gatumba),Deposited Mud ,61.2,17.6,7.5,1.5,0.6,0.4,2.7,1.2,0.1,Garzanti et al 2013,Gatumba,<63um,,
Ruvubu,,66.3,12.2,8.1,0.4,0.3,0.2,1.1,3.1,0.13,Garzanti et al 2013,Gataraga,<63um,,
Ruvubu (at Burasira),,58.5,16.1,8.3,0.5,0.3,0.4,1.5,1.9,0.14,Garzanti et al 2013,Burasira,<63um,,
Ruvubu (at Mirama),,62.2,14.7,7.7,0.4,0.2,0.3,1.1,1.2,0.13,Garzanti et al 2013,Mirama,Bulk,,
Ruvubu (at Mvano),,52.1,18.6,9.3,0.4,0.1,0.3,1.2,1.4,0.11,Garzanti et al 2013,Mvano,Bulk,,
Ruvubu (at Ngara),,62.1,19.8,5.3,0.3,0.2,0.2,1.4,1.2,0.04,Garzanti et al 2013,Ngara,Bulk,,
Ruvyironza,,67.3,11.2,5.2,0.2,0.1,0.1,0.8,1.3,0.08,Garzanti et al 2013,Mahwa,Bulk,,
Ruvyironza (at Giheta),,59.4,17.1,8.1,0.4,0.1,0.3,1.2,1.5,0.13,Garzanti et al 2013,Giheta,<63um,,
Ruvyironza (at Mugera),,68.6,12.8,6.8,0.3,0.1,0.2,0.9,2.4,0.12,Garzanti et al 2013,Mugera,<63um,,
Ruzibazi,Deposited Mud ,51.9,18.9,7.4,1.2,0.7,1,2.6,0.9,0.11,Garzanti et al 2013,Magara,<63um,,
Sanzu,,50.5,17.9,10.9,0.4,0.1,0.1,1.5,1.2,0.01,Garzanti et al 2013,Rusengo,<63um,,
Shangazi,Deposited Mud ,35.1,21.5,19.7,1,0.1,0.5,0.2,4.2,0.21,Garzanti et al 2013,Bushenge,Bulk,,
Susa,,47.2,17.8,7.6,1.4,2.9,2.6,4,1.9,0.15,Garzanti et al 2013,Ruhengeri,Bulk,,
Victoria Nile,,64.6,14,6.4,1,2.9,1.6,3.7,1.5,0.09,Garzanti et al 2013,Itanda,Bulk,,
Yanzi,,72.9,10.4,6,0.2,0.3,0.1,1.4,1.5,0.07,Garzanti et al 2013,Kigali,<63um,,
Diep,Freshly deposited mud,48.9,16.5,7.7,2.3,0.7,3.1,1.4,0.7,0.17,Garzanti et al 2014,Rita,<32um,,
Fish,Freshly deposited mud,60.1,14.7,6,2.6,1.7,3.1,2.9,0.8,0.09,Garzanti et al 2014,Seeheim,<32um,,
Gwai,Freshly deposited mud,48.6,16.3,8.9,1.7,0.4,2.3,1.5,1.2,0.22,Garzanti et al 2014,Gwai River,<32um,,
Huab,Freshly deposited mud,46.2,16.4,9.5,4.5,0.8,4.3,3.1,0.8,0.17,Garzanti et al 2014,Road C34,<32um,,
Koigab,Freshly deposited mud,46.3,13.8,8.9,5.2,0.7,5.2,2.5,0.7,0.15,Garzanti et al 2014,Road C34,<32um,,
Kwando,Freshly deposited mud,43.3,5.9,3.1,3.3,0.1,10.6,0.5,0.4,0.21,Garzanti et al 2014,Kongola,<32um,,
Limpopo,Freshly deposited mud,48.8,14.9,9.4,3.2,1.3,3.5,1.8,1.8,0.1,Garzanti et al 2014,Beitbridge,<32um,,
Matetsi,Freshly deposited mud,44.4,14.2,12.2,3.7,1.7,6.2,0.9,2,0.17,Garzanti et al 2014,Zambezi Deka,<32um,,
Ngez,Freshly deposited mud,52.9,16.2,9.5,2.3,1,2.2,1.2,0.8,0.2,Garzanti et al 2014,Gwanda,<32um,,
Ngwezi,Freshly deposited mud,51.1,18.6,8.5,1.5,0.6,1.6,2.1,1.1,0.12,Garzanti et al 2014,M10,<32um,,
Olifants,Freshly deposited mud,48.4,13.6,8,3.5,0.8,7,1.3,0.7,0.25,Garzanti et al 2014,Chumiespoort,<32um,,
Omatako,Freshly deposited mud,54.8,18.4,6.2,2.1,0.4,1,3.3,0.8,0.08,Garzanti et al 2014,Omatako,<32um,,
Pienaars,Freshly deposited mud,55.6,14.6,8.8,1.6,0.4,1.2,1.4,1,0.2,Garzanti et al 2014,Pienaarsrivier,<32um,,
Rietfontein,Freshly deposited mud,49.4,14.3,6.3,2,0.1,1.8,2.1,0.7,0.08,Garzanti et al 2014,Road A2,<32um,,
Serobaneng,Freshly deposited mud,44.6,19.7,8.5,1.8,0.6,3.6,1.5,0.8,0.09,Garzanti et al 2014,Serobaneng,<32um,,
Sinde,Freshly deposited mud,45.5,14.6,14.2,2,1,3,0.9,3.5,0.18,Garzanti et al 2014,M10,<32um,,
Swakop,Freshly deposited mud,45.5,15.7,7.7,4.1,1.8,7.4,3.4,1.5,0.18,Garzanti et al 2014,Swakopmund,<32um,,
Tinde,Freshly deposited mud,67.5,13.3,4,0.8,0.7,0.7,2.5,0.9,0.1,Garzanti et al 2014,Tinde,<32um,,
Ugab,Freshly deposited mud,46.2,15.8,6.9,3.7,0.9,6.5,3.3,0.7,0.12,Garzanti et al 2014,Ugab Gate,<32um,,
Umguza,Freshly deposited mud,51,15,8.8,2,0.6,3,1.2,1.4,0.1,Garzanti et al 2014,A8,<32um,,
Uniab,Freshly deposited mud,46.2,12.8,10.3,3.8,1.4,7.4,1.5,0.9,0.17,Garzanti et al 2014,Road C34,<32um,,
White Nossob,Freshly deposited mud,43.9,19.3,11,4.1,1.1,2.2,3.9,1.5,0.16,Garzanti et al 2014,Eintracht,<32um,,
Zambezi (deka 1),Freshly deposited mud,50.7,12.7,10.1,2.1,0.7,3.1,0.9,1.5,0.22,Garzanti et al 2014,Zambezi Deka,<32um,,
Zambezi (deka 2),Freshly deposited mud,51.4,10.4,10.3,2.6,0.8,3.8,0.8,2.5,0.16,Garzanti et al 2014,Zambezi Deka,<32um,,
Zambezi (deka 3),Freshly deposited mud,54,10.6,7.3,1.4,0.6,2.7,0.8,1.8,0.08,Garzanti et al 2014,Victoria Falls,<32um,,
Danube,Deposited Mud ,63.96208,11.90385,7.86335,3.48222,2.34552,6.2964,2.46943,0.700602,0.09495,Georgescu et al 1973 in Martin & Maybeck 1979,"Portita, Danube Delta",,Mouth,
Colorado (at Lake Mead),,77.43904,8.12485,3.28831,1.724528,0.64704,4.75728,1.8069,0.50043,0.0680475,Gould 1960 in Martin & Maybeck 1979,"Lake Mead, Arizona",,Midstream,
Rio Beni at Angosto de Bala,Suspended matter,55.490848,21.38914,8.020617,1.210486,0.82228,0.335808,3.91495,0.984179,0.110775,Guyot et al 1993 in Viers et al 2009, Angosto de Bala,,Tributary,Average of 13 samples
Brahmaputra,Bank,56.61,16.88,7.9,3.58,1.75,2.45,3.22,,,Lupker et al 2012,Jamuna bg.,,,
Brahmaputra (Jamuna Bg 2),Bank,73.25,11.53,4.76,1.84,1.94,2.84,2.18,,,Lupker et al 2012,Jamuna bg.,,,
Brahmaputra (Sirajganj 1),Bank,66.12,13.79,5.78,2.68,1.86,2.63,2.62,,,Lupker et al 2012,Sirajganj,,,
Brahmaputra (Sirajganj 2),Bank,64.46,14.58,6.13,2.83,1.77,2.39,2.84,,,Lupker et al 2012,Sirajganj,,,
Brahmaputra (Sirajganj 3),Bank,76.19,10.41,3.18,1.24,1.94,2.35,2.11,,,Lupker et al 2012,Sirajganj,,,
Chambal,Bank,78.87,6.21,2.56,0.79,1.07,4.49,1.29,,,Lupker et al 2012,Dhaulpur,,,
Chambal (Dhaulpur 2),Bank,59.95,11.79,6.24,2.19,0.7,6.42,1.74,,,Lupker et al 2012,Dhaulpur,,,
Chambal (Dhaulpur 3),Bank,73.86,7.27,2.35,0.74,1.13,6.62,1.71,,,Lupker et al 2012,Dhaulpur,,,
Dibang,Bank,64.7,12.62,6.72,3.04,2.44,5.96,1.33,,,Lupker et al 2012,,,,
Ganga,Bank,68.61,10.84,3.82,1.84,1.46,4.53,2.46,,,Lupker et al 2012,Harding bridge,,,
Ganga (Harding Bg 2),Bank,62.59,13.99,5.33,2.44,1.27,4.5,3.16,,,Lupker et al 2012,Harding bridge,,,
Ganga (Harding Bg 3),Bank,66.12,12.11,4.49,2.06,1.38,4.33,2.74,,,Lupker et al 2012,Harding bridge,,,
Ganga (harding Bg 4),Bank,66.63,12.1,4.56,2.09,1.38,4.24,2.79,,,Lupker et al 2012,Harding bridge,,,
Ganga (harding Bg 5),Bank,56.5,14.92,5.95,2.69,0.99,4.71,3.24,,,Lupker et al 2012,Harding bridge,,,
Ganga (Rishikesh),Bank,70.03,9.95,3.15,2.64,1.6,3.94,2.57,,,Lupker et al 2012,Rishikesh,,,
Karnali,Bank,69.11,9.97,3.18,1.72,1.62,5.68,2.43,,,Lupker et al 2012,,,,
Karnali (at Khotiaghat),Bank,73.76,7.75,2.7,1.53,1.24,4.68,1.84,,,Lupker et al 2012,Khotiaghat,,,
Karnali (Chisapani),Bank,77.77,6.5,2.57,1.42,0.92,4.56,1.56,,,Lupker et al 2012,Chisapani,,,
Karnali 2,Bank,74.57,8.66,3.06,1.61,1.53,4.61,1.97,,,Lupker et al 2012,,,,
Karnali 3,Bank,64.01,12.22,4.5,2.49,1.43,4.63,3.13,,,Lupker et al 2012,,,,
Kosi,Bank,79.11,9.13,2.96,1.26,1.6,1.82,1.95,,,Lupker et al 2012,station hydro RG,,,
Kosi (Chatara),Bank,77.58,9.87,2.92,1.2,1.72,1.58,2.35,,,Lupker et al 2012,Chatara,,,
Lohit,Bank,55.87,13.52,9.96,4.97,2.38,8.76,1.07,,,Lupker et al 2012,,,,
Lower Meghna,Bank,66.57,13.96,5.44,2.11,1.5,1.85,2.68,,,Lupker et al 2012,Bhola,,,
Lower Meghna (mawa 1),Bank,59.96,14.27,6.19,2.57,1.2,4.4,3,,,Lupker et al 2012,Mawa,,,
Lower Meghna (Mawa 2),Bank,72.07,10.29,3.55,1.74,1.69,4.22,2.18,,,Lupker et al 2012,Mawa,,,
Lower Meghna (Mawa 3),Bank,66.69,10.43,8.32,2.05,1.34,5.49,1.41,,,Lupker et al 2012,Mawa,,,
Manas,Bank,76,9.34,3.73,1.5,1.46,2.64,2.11,,,Lupker et al 2012,,,,
Manas 2,Bank,79.99,8.62,3.3,0.96,0.63,0.61,2.12,,,Lupker et al 2012,,,,
Narayani,Bank,69.89,10.23,3.46,1.86,1.63,5.28,2.27,,,Lupker et al 2012,Narayanghat,,,
Narayani (Narayanghat 2),Bank,64.87,8.51,3.51,1.97,1.39,9.13,1.95,,,Lupker et al 2012,Narayanghat,,,
Siang,Bank,68.11,10.59,5.57,2.59,1.88,5.48,2.18,,,Lupker et al 2012,,,,
Subansiri,Bank,80.69,8.38,4.32,0.83,0.93,1.1,1.89,,,Lupker et al 2012,,,,
Subansiri 2,Bank,78.29,9.24,3.78,1.04,1.23,1.46,2.04,,,Lupker et al 2012,,,,
Yamuna,Bank,78.9,8.25,3.73,1.17,1.38,2.06,1.7,,,Lupker et al 2012,Paonta,,,
Yamuna (Paonta 2),Bank,68.93,12.33,5.1,2.19,1.7,2.37,2.94,,,Lupker et al 2012,Paonta,,,
Yamuna (Paonta 3),Bank,65.04,13.65,5.45,2.39,1.63,2.31,3.37,,,Lupker et al 2012,Paonta,,,
Amazon,Suspended Load,57.11664,21.72925,7.86335,1.857184,1.05818,2.23872,2.16828,1.16767,0.1629975,Martin & Maybeck 1979,Manaus,,Midstream,Some of these are averages
Congo,Suspended Load,51.12688,22.10715,10.15087,0.961756,0.28308,1.175328,1.44552,1.401204,0.22155,Martin & Maybeck 1979,Brazzaville OR Matadi,,Mouth,
Ganges,Deposited Mud ,60.9672,14.54915,5.28989,2.056168,1.44236,3.70788,2.52966,0.884093,0.15825,Martin & Maybeck 1979,Allahabad,,Midstream,
Mekong,Suspended Load,58.828,21.1624,8.00632,2.23857,0.70096,0.825528,2.89104,0.600516,0.148755,Martin & Maybeck 1979,Phnom Penh,,Mouth,
Parana,Suspended Load,61.82288,20.0287,6.86256,1.807438,0.90316,0.825528,2.16828,1.568014,0.0427275,Martin & Maybeck 1979,Santo Dome,,Mouth,
Namoi River,,58.68766848,16.570915,7.84921500701282,1.77435509654482,0.903139014661855,1.10535734523948,1.51780347336074,1.134308,0.10966725,Martin and McCulloch 1999 in Viers 2009,Confluence with Barwon River,,Tributary,
Garonne,,57.7584,22.2961,8.29226,2.868686,0.75488,2.72844,4.09564,0.83405,0.269025,Martin et al. (1978a) in Martin & Maybeck 1979,La Reole,,Midstream,
Niger,,49.2016,29.4762,13.15324,1.542126,0.12132,0.461736,1.300968,1.367842,0.1028625,Porrenga 1967 in Martin & Maybeck 1979,,,Mouth,
Seine (Roy),Suspended,36.2400227623284,10.5432016188916,4.51794524993816,1.01154823260966,0.18871561500397,17.3359208955913,1.36120470229971,0.533771025574304,0.070027128685001,Roy et al 1999 in Viers 2009,Paris,,Midstream,Average of 3
Amudaria,,46.762912,13.547715,5.575945086949,3.3828826139733,1.37492805217178,11.7251829786162,2.50558033697646,0.567154,0.110775,Savenko et al 2004 in Viers 2009,,,Mouth,"Cannot find this. Apparently it is in Russian? Abstract states ""downstream"""
Don,,51.404976,15.38053,6.87699894057043,2.17234128642403,0.566146845011909,3.88973850603259,2.2887512693535,0.6805848,0.110775,Savenko et al 2004 in Viers 2009,,,Mouth,Cannot find this. Apparently it is in Russian?
Enisey,,48.067824,12.791915,9.2360526312027,2.96831366618245,1.53668429360375,2.5605113187193,1.59007982923506,0.2702322,0.2326275,Savenko et al 2004 in Viers 2009,,,Mouth,Cannot find this. Apparently it is in Russian?
N. Dvina,,54.421248,13.434345,7.39170156398111,2.60349299212651,0.984017135377842,2.09877976944205,2.27670521004111,0.6805848,0.269025,Savenko et al 2004 in Viers 2009,,,Mouth,Cannot find this. Apparently it is in Russian?
Ob,,55.790336,13.79335,8.96440402440262,1.97334819148442,0.768342146801877,1.34321905244291,1.96350766791906,0.6905934,0.55071,Savenko et al 2004 in Viers 2009,,,Mouth,Cannot find this. Apparently it is in Russian?
Ural,,68.219088,9.29634,3.54572918349577,1.75777233863318,1.46928585967376,4.75723414406864,1.8310010154828,0.5204472,0.098115,Savenko et al 2004 in Viers 2009,,,Mouth,Cannot find this. Apparently it is in Russian?
Volga,,54.570992,14.3602,7.60616099040223,2.48741368674507,0.889659327875857,1.93087738788668,2.24056703210395,0.7206192,0.3165,Savenko et al 2004 in Viers 2009,,,Mouth,Cannot find this. Apparently it is in Russian?
Dunga,Active bed,53.5,15.5,11.9,2,2.6,3.5,2.1,2.1,0.2,Schneider et al 2016,Bubandi,<63um,,
Dura,Active bed,52.3,12.3,12.9,1,0.7,3.1,1.1,3.1,0.5,Schneider et al 2016,Kibale,<63um,,
Dura trib @ Kahunge,Active bed,70,13.6,7.3,0.3,0.2,0.3,2.8,1.1,0.1,Schneider et al 2016,Kahunge,<63um,,
Dura trib @ Kibale,Active bed,62.1,12.8,6.6,0.6,1,1.5,2.7,2,0.2,Schneider et al 2016,Kibale,<63um,,
Igasa,Active bed,53.5,15.2,10.8,2,2.3,3.5,1.8,1.8,0.3,Schneider et al 2016,Kateebwa,<63um,,
Isebo ,Active bed,59.3,14.3,9,1.2,1.8,2.2,2.4,1.3,0.1,Schneider et al 2016,Mubuku,<63um,,
Kazinga,Active bed,62.3,10.3,8.3,2.2,1.5,4.8,1.7,2.7,0.1,Schneider et al 2016,Kantunguru,<63um,,
Kazinga (at Bubandi),Active bed,50.7,17,10.1,2.1,1.9,3.4,2.3,1.5,0.2,Schneider et al 2016,Bubandi,<63um,,
Mahoma,Active bed,52,15.2,11.7,2.2,2.4,3.6,1.9,2.1,0.2,Schneider et al 2016,Rubona,<63um,,
Mpanga (north 1),Active bed,45.4,13.6,12.1,1.6,1.5,3.3,1.4,1.6,0.4,Schneider et al 2016,E Fort Portal,<63um,,
Mpanga (south 1),Active bed,69,10.9,7.4,0.4,1.2,1.2,2.1,2,0.3,Schneider et al 2016,Mpanga,<63um,,
Mpanga (south 2),Active bed,62.6,11.5,8.1,0.7,1.6,1.9,1.8,1.8,0.4,Schneider et al 2016,Rwenjaza,<63um,,
Mpanga trib @ Kamwenge,Active bed,71.6,9.8,8.5,0.5,1.1,1.3,2.4,1.2,0.1,Schneider et al 2016,Kamwenge,<63um,,
Mubuku 2,Active bed,52.6,13.4,10.3,4.1,2.5,5.9,1.4,1.2,0.2,Schneider et al 2016,Bugoye,<63um,,
Muzizi,Active bed,57.4,16.9,10.9,0.8,0.4,0.9,1.8,1.7,0.1,Schneider et al 2016,Nyakalengija,<63um,,
Nkusi,Active bed,55.4,15.1,14.9,0.4,0.2,0.4,1.7,1.3,0.2,Schneider et al 2016,Kitoma,<63um,,
Nkusi trib @ Kabwoya,Active bed,72.6,8.1,8.6,0.3,0.1,0.3,0.9,1.2,0.2,Schneider et al 2016,Kbwoya,<63um,,
Nkusi trib @ Kitoma,Active bed,60.5,12.2,13.8,0.3,0.3,0.4,1.4,4.5,0.2,Schneider et al 2016,Kitoma,<63um,,
Nkusi trib @ Kyangamwoyo,Active bed,63,13.9,8.6,0.2,0.1,0.2,1.4,3.5,0.1,Schneider et al 2016,Kyangamwoyo,<63um,,
Nyamagasani,Active bed,53.8,14.6,10.1,4,2.6,5.3,1.6,1.1,0.2,Schneider et al 2016,Kyarumba,<63um,,
Nyamwamba,Active bed,56.8,13.9,8.4,1.7,1.5,2.3,2.1,1,0.2,Schneider et al 2016,Kilembe,<63um,,
Rwimi 1,Active bed,60,12.9,7.6,2.2,2.6,3.5,1.8,1,0.1,Schneider et al 2016,rwimi,<63um,,
Rwimi 2,Active bed,56.6,12.5,11.1,2.5,2.3,4.9,1.6,1.6,0.2,Schneider et al 2016,Rwimi,<63um,,
Wambabya,Active bed,67.7,10.7,8.4,0.5,0.5,0.9,1.5,1.1,0.2,Schneider et al 2016,Kaiso-Tonya,<63um,,
Wambabya trib @ Munteme,Active bed,66.9,8.9,12.3,0.3,0.1,0.4,1.2,1.6,0.2,Schneider et al 2016,Munteme,<63um,,
Garonne (Semhi 1996),Suspended,52.9438065715527,17.118531660781,5.27570188995944,2.2552550759822,0.417870290365933,3.97368969681027,2.91514635359762,0.633853092869486,0.109702669095896,Semhi 1996 in Viers 2009,,,,Average
Mackenzie (incl. Peel & Red),Suspended Load,63.1064,14.7381,5.218405,0.66328,0.29656,5.009136,4.252238,0.717283,0.09495,Wagemann et al. (1977) in Martin & Meybeck 1979,"East Channel McKenzie river delta, lat 68,29' long 135,55'",,Mouth,
Scheldt River ,Suspended matter,53.26608,8.42717,6.53386385829665,1.09446202216783,0.539187471439914,5.72267283801198,1.87918525273235,0.567154,0.1370445,Zwolsman & Van Eck 1999 in Viers 2009,Scheldt Estuary,centrifuged,Mouth,Average of 8 samples
